{"SummonerName": "", "Region": "", "maps.gameconstants": {"1": "Summoner's Rift Original Summer Variant", "2": "Summoner's Rift Original Autumn Variant", "3": "The Proving Grounds Tutorial Map", "4": "Twisted Treeline Original Version", "8": "The Crystal Scar Dominion Map", "10": "Twisted Treeline Current Version", "11": "Summoner's Rift Current Version", "12": "Howling Abyss ARAM Map", "14": "Butcher's Bridge ARAM Map", "16": "Cosmic Ruins Dark Star Map", "18": "Valoran City Park Star Guardian Invasion Map"}, "queues.gameconstants": {"100": "Butcher's Bridge 5v5 ARAM games", "610": "Cosmic Ruins Dark Star games", "16": "Crystal Scar 5v5 Dominion Blind Pick games", "17": "Crystal Scar 5v5 Dominion Draft Pick games", "96": "Crystal Scar Ascension games", "317": "Crystal Scar Definitely Not Dominion games", "25": "Crystal Scar Dominion Co-op vs AI games", "0": "Custom games (Not supported by API)", "72": "Howling Abyss 1v1 Snowdown Showdown games", "73": "Howling Abyss 2v2 Snowdown Showdown games", "65&&450": "Howling Abyss 5v5 ARAM games", "300": "Howling Abyss King Poro games", "2&&430": "Summoner's Rift 5v5 Blind Pick games", "14&&400": "Summoner's Rift 5v5 Draft Pick games", "410": "Summoner's Rift 5v5 Ranked Dynamic games", "440": "Summoner's Rift 5v5 Ranked Flex games", "6": "Summoner's Rift 5v5 Ranked Premade games", "4&&420": "Summoner's Rift 5v5 Ranked Solo games", "42": "Summoner's Rift 5v5 Ranked Team games", "61": "Summoner's Rift 5v5 Team Builder games", "75": "Summoner's Rift 6v6 Hexakill games", "325": "Summoner's Rift All Random games", "318": "Summoner's Rift All Random URF games", "313": "Summoner's Rift Black Market Brawlers games", "600": "Summoner's Rift Blood Hunt Assassin games", "32&&840": "Summoner's Rift Co-op vs AI Beginner Bot games", "7": "Summoner's Rift Co-op vs AI games", "33&&850": "Summoner's Rift Co-op vs AI Intermediate Bot games", "31&&830": "Summoner's Rift Co-op vs AI Intro Bot games", "83": "Summoner's Rift Co-op vs AI Ultra Rapid Fire games", "960": "Summoner's Rift Doom Bots games", "950": "Summoner's Rift Doom Bots games /w difficulty voting", "91": "Summoner's Rift Doom Bots Rank 1 games", "92": "Summoner's Rift Doom Bots Rank 2 games", "93": "Summoner's Rift Doom Bots Rank 5 games", "78": "Summoner's Rift Mirrored One for All", "310": "Summoner's Rift Nemesis games", "315&&940": "Summoner's Rift Nexus Siege games", "70": "Summoner's Rift One for All games", "76": "Summoner's Rift Ultra Rapid Fire games", "460": "Twisted Treeline 3v3 Blind Pick games", "8": "Twisted Treeline 3v3 Normal games", "9&&470": "Twisted Treeline 3v3 Ranked Flex games", "41": "Twisted Treeline 3v3 Ranked Team games", "98": "Twisted Treeline 6v6 Hexakill games", "52": "Twisted Treeline Co-op vs AI games (Unspecified)", "820": "Twisted Treeline Co-op vs. AI Beginner Bot games", "800": "Twisted Treeline Co-op vs. AI Intermediate Bot games", "810": "Twisted Treeline Co-op vs. AI Intro Bot games", "980": "Valoran City Park Star Guardian Invasion: Normal games", "990": "Valoran City Park Star Guardian Invasion: Onslaught games"}, "regions.gameconstants": {"BR1": "br1.api.riotgames.com", "EUN1": "eun1.api.riotgames.com", "EUW1": "euw1.api.riotgames.com", "JP1": "jp1.api.riotgames.com", "KR": "kr.api.riotgames.com", "LA1": "la1.api.riotgames.com", "LA2": "la2.api.riotgames.com", "NA": "na1.api.riotgames.com", "OC1": "oc1.api.riotgames.com", "TR1": "tr1.api.riotgames.com", "RU": "ru.api.riotgames.com", "PBE1": "pbe1.api.riotgames.com"}, "roles.gameconstants": {"Top": "Top", "Jungle": "Jungle", "Middle": "Middle", "Bot/ADC": "Bot/ADC", "Support": "Support", "Bot (Other)": "Bot (Other)", "Unknown": "Unknown"}, "seasons.gameconstants": {"0": "2013 Preseason 3", "1": "2013 Season 3", "2": "2014 Preseason 4", "3": "2014 Season 4", "4": "2015 Preseason 5", "5": "2015 Season 5", "6": "2016 Preseason 6", "7": "2016 Season 6", "8": "2017 Preseason 7", "9": "2017 Season 7", "10": "2018 Preseason 8", "11": "2018 Season 8"}, "champion": {"266": "Aatrox", "103": "Ahri", "84": "Akali", "12": "Alistar", "32": "Amumu", "34": "Anivia", "1": "Annie", "22": "Ashe", "136": "Aurelion Sol", "268": "Azir", "432": "Bard", "53": "Blitzcrank", "63": "Brand", "201": "Braum", "51": "Caitlyn", "164": "Camille", "69": "Cassiopeia", "31": "Cho'Gath", "42": "Corki", "122": "Darius", "131": "Diana", "119": "Draven", "36": "Dr. Mundo", "245": "Ekko", "60": "Elise", "28": "Evelynn", "81": "Ezreal", "9": "Fiddlesticks", "114": "Fiora", "105": "Fizz", "3": "Galio", "41": "Gangplank", "86": "Garen", "150": "Gnar", "79": "Gragas", "104": "Graves", "120": "Hecarim", "74": "Heimerdinger", "420": "Illaoi", "39": "Irelia", "427": "Ivern", "40": "Janna", "59": "Jarvan IV", "24": "Jax", "126": "Jayce", "202": "Jhin", "222": "Jinx", "429": "Kalista", "43": "Karma", "30": "Karthus", "38": "Kassadin", "55": "Katarina", "10": "Kayle", "141": "Kayn", "85": "Kennen", "121": "Kha'Zix", "203": "Kindred", "240": "Kled", "96": "Kog'Maw", "7": "LeBlanc", "64": "Lee Sin", "89": "Leona", "127": "Lissandra", "236": "Lucian", "117": "Lulu", "99": "Lux", "54": "Malphite", "90": "Malzahar", "57": "Maokai", "11": "Master Yi", "21": "Miss Fortune", "62": "Wukong", "82": "Mordekaiser", "25": "Morgana", "267": "Nami", "75": "Nasus", "111": "Nautilus", "76": "Nidalee", "56": "Nocturne", "20": "Nunu", "2": "Olaf", "61": "Orianna", "516": "Ornn", "80": "Pantheon", "78": "Poppy", "133": "Quinn", "497": "Rakan", "33": "Rammus", "421": "Rek'Sai", "58": "Renekton", "107": "Rengar", "92": "Riven", "68": "Rumble", "13": "Ryze", "113": "Sejuani", "35": "Shaco", "98": "Shen", "102": "Shyvana", "27": "Singed", "14": "Sion", "15": "Sivir", "72": "Skarner", "37": "Sona", "16": "Soraka", "50": "Swain", "134": "Syndra", "223": "Tahm Kench", "163": "Taliyah", "91": "Talon", "44": "Taric", "17": "Teemo", "412": "Thresh", "18": "Tristana", "48": "Trundle", "23": "Tryndamere", "4": "Twisted Fate", "29": "Twitch", "77": "Udyr", "6": "Urgot", "110": "Varus", "67": "Vayne", "45": "Veigar", "161": "Vel'Koz", "254": "Vi", "112": "Viktor", "8": "Vladimir", "106": "Volibear", "19": "Warwick", "498": "Xayah", "101": "Xerath", "5": "Xin Zhao", "157": "Yasuo", "83": "Yorick", "154": "Zac", "238": "Zed", "115": "Ziggs", "26": "Zilean", "142": "Zoe", "143": "Zyra"}, "summoner": {"21": "Barrier", "1": "Cleanse", "35": "Disabled Summoner Spells", "36": "Disabled Summoner Spells", "14": "Ignite", "3": "Exhaust", "4": "Flash", "6": "Ghost", "7": "Heal", "13": "Clarity", "30": "To the King!", "31": "Poro Toss", "33": "Nexus Siege: Siege Weapon Slot", "34": "Nexus Siege: Siege Weapon Slot", "11": "Smite", "32": "Mark", "12": "Teleport"}, "item": {"1001": "Boots of Speed", "1004": "Faerie Charm", "1006": "Rejuvenation Bead", "1011": "Giant's Belt", "1018": "Cloak of Agility", "1026": "Blasting Wand", "1027": "Sapphire Crystal", "1028": "Ruby Crystal", "1029": "Cloth Armor", "1031": "Chain Vest", "1033": "Null-Magic Mantle", "1036": "Long Sword", "1037": "Pickaxe", "1038": "B. F. Sword", "1039": "Hunter's Talisman", "1041": "Hunter's Machete", "1042": "Dagger", "1043": "Recurve Bow", "1051": "Brawler's Gloves", "1052": "Amplifying Tome", "1053": "Vampiric Scepter", "1054": "Doran's Shield", "1055": "Doran's Blade", "1056": "Doran's Ring", "1057": "Negatron Cloak", "1058": "Needlessly Large Rod", "1082": "The Dark Seal", "1083": "Cull", "1400": "Enchantment: Warrior", "1401": "Enchantment: Cinderhulk", "1402": "Enchantment: Runic Echoes", "1408": "Enchantment: Warrior", "1409": "Enchantment: Cinderhulk", "1410": "Enchantment: Runic Echoes", "1412": "Enchantment: Warrior", "1413": "Enchantment: Cinderhulk", "1414": "Enchantment: Runic Echoes", "1416": "Enchantment: Bloodrazor", "1418": "Enchantment: Bloodrazor", "1419": "Enchantment: Bloodrazor", "2003": "Health Potion", "2004": "Mana Potion", "2009": "Total Biscuit of Rejuvenation", "2010": "Total Biscuit of Everlasting Will", "2011": "Elixir Of Skill", "2012": "Looted Biscuit of Rejuvenation", "2013": "Looted Oracle's Extract", "2015": "Kircheis Shard", "2031": "Refillable Potion", "2032": "Hunter's Potion", "2033": "Corrupting Potion", "2045": "Ruby Sightstone", "2047": "Oracle's Extract", "2049": "Sightstone", "2050": "Explorer's Ward", "2051": "Guardian's Horn", "2052": "Poro-Snax", "2053": "Raptor Cloak", "2054": "Diet Poro-Snax", "2055": "Control Ward", "2056": "Pilfered Stealth Ward", "2057": "Peering Farsight Ward", "2058": "Travel Size Elixir of Iron", "2059": "Travel Size Elixir of Sorcery", "2060": "Travel Size Elixir of Wrath", "2061": "Pilfered Health Potion", "2062": "Pilfered Potion of Rouge", "2138": "Elixir of Iron", "2139": "Elixir of Sorcery", "2140": "Elixir of Wrath", "2301": "Eye of the Watchers", "2302": "Eye of the Oasis", "2303": "Eye of the Equinox", "2319": "Sly Sack of Gold", "2403": "Minion Dematerializer", "2419": "Commencing Stopwatch", "2420": "Stopwatch", "2421": "Broken Stopwatch", "2422": "Slightly Magical Boots", "3001": "Abyssal Mask", "3003": "Archangel's Staff", "3004": "Manamune", "3006": "Berserker's Greaves", "3007": "Archangel's Staff (Quick Charge)", "3008": "Manamune (Quick Charge)", "3009": "Boots of Swiftness", "3010": "Catalyst of Aeons", "3020": "Sorcerer's Shoes", "3022": "Frozen Mallet", "3024": "Glacial Shroud", "3025": "Iceborn Gauntlet", "3026": "Guardian Angel", "3027": "Rod of Ages", "3028": "Chalice of Harmony", "3029": "Rod of Ages (Quick Charge)", "3030": "Hextech GLP-800", "3031": "Infinity Edge", "3033": "Mortal Reminder", "3034": "Giant Slayer", "3035": "Last Whisper", "3036": "Lord Dominik's Regards", "3040": "Seraph's Embrace", "3041": "Mejai's Soulstealer", "3042": "Muramana", "3043": "Muramana", "3044": "Phage", "3046": "Phantom Dancer", "3047": "Ninja Tabi", "3048": "Seraph's Embrace", "3050": "Zeke's Convergence", "3052": "Jaurim's Fist", "3053": "Sterak's Gage", "3056": "Ohmwrecker", "3057": "Sheen", "3060": "Banner of Command", "3065": "Spirit Visage", "3067": "Kindlegem", "3068": "Sunfire Cape", "3069": "Talisman of Ascension", "3070": "Tear of the Goddess", "3071": "The Black Cleaver", "3072": "The Bloodthirster", "3073": "Tear of the Goddess (Quick Charge)", "3074": "Ravenous Hydra", "3075": "Thornmail", "3076": "Bramble Vest", "3077": "Tiamat", "3078": "Trinity Force", "3082": "Warden's Mail", "3083": "Warmog's Armor", "3084": "Overlord's Bloodmail", "3085": "Runaan's Hurricane", "3086": "Zeal", "3087": "Statikk Shiv", "3089": "Rabadon's Deathcap", "3090": "Wooglet's Witchcap", "3091": "Wit's End", "3092": "Frost Queen's Claim", "3094": "Rapid Firecannon", "3096": "Nomad's Medallion", "3097": "Targon's Brace", "3098": "Frostfang", "3100": "Lich Bane", "3101": "Stinger", "3102": "Banshee's Veil", "3104": "Lord Van Damm's Pillager", "3105": "Aegis of the Legion", "3107": "Redemption", "3108": "Fiendish Codex", "3109": "Knight's Vow", "3110": "Frozen Heart", "3111": "Mercury's Treads", "3112": "Guardian's Orb", "3113": "Aether Wisp", "3114": "Forbidden Idol", "3115": "Nashor's Tooth", "3116": "Rylai's Crystal Scepter", "3117": "Boots of Mobility", "3122": "Wicked Hatchet", "3123": "Executioner's Calling", "3124": "Guinsoo's Rageblade", "3133": "Caulfield's Warhammer", "3134": "Serrated Dirk", "3135": "Void Staff", "3136": "Haunting Guise", "3137": "Dervish Blade", "3139": "Mercurial Scimitar", "3140": "Quicksilver Sash", "3142": "Youmuu's Ghostblade", "3143": "Randuin's Omen", "3144": "Bilgewater Cutlass", "3145": "Hextech Revolver", "3146": "Hextech Gunblade", "3147": "Duskblade of Draktharr", "3151": "Liandry's Torment", "3152": "Hextech Protobelt-01", "3153": "Blade of the Ruined King", "3155": "Hexdrinker", "3156": "Maw of Malmortius", "3157": "Zhonya's Hourglass", "3158": "Ionian Boots of Lucidity", "3165": "Morellonomicon", "3170": "Moonflair Spellblade", "3174": "Athene's Unholy Grail", "3175": "Head of Kha'Zix", "3181": "Sanguine Blade", "3184": "Guardian's Hammer", "3185": "The Lightbringer", "3187": "Arcane Sweeper", "3190": "Locket of the Iron Solari", "3191": "Seeker's Armguard", "3193": "Gargoyle Stoneplate", "3194": "Adaptive Helm", "3196": "The Hex Core mk-1", "3197": "The Hex Core mk-2", "3198": "Perfect Hex Core", "3200": "Prototype Hex Core", "3211": "Spectre's Cowl", "3222": "Mikael's Crucible", "3252": "Poacher's Dirk", "3285": "Luden's Echo", "3301": "Ancient Coin", "3302": "Relic Shield", "3303": "Spellthief's Edge", "3340": "Warding Totem (Trinket)", "3341": "Sweeping Lens (Trinket)", "3345": "Soul Anchor (Trinket)", "3348": "Arcane Sweeper", "3361": "Greater Stealth Totem (Trinket)", "3362": "Greater Vision Totem (Trinket)", "3363": "Farsight Alteration", "3364": "Oracle Alteration", "3371": "Molten Edge", "3373": "Forgefire Cape", "3374": "Rabadon's Deathcrown", "3379": "Infernal Mask", "3380": "The Obsidian Cleaver", "3382": "Salvation", "3383": "Circlet of the Iron Solari", "3384": "Trinity Fusion", "3385": "Wooglet's Witchcrown", "3386": "Zhonya's Paradox", "3401": "Face of the Mountain", "3410": "Head of Kha'Zix", "3416": "Head of Kha'Zix", "3422": "Head of Kha'Zix", "3455": "Head of Kha'Zix", "3460": "Golden Transcendence", "3461": "Golden Transcendence (Disabled)", "3462": "Seer Stone (Trinket)", "3504": "Ardent Censer", "3508": "Essence Reaver", "3512": "Zz'Rot Portal", "3513": "Eye of the Herald", "3599": "The Black Spear", "3630": "Siege Teleport", "3631": "Siege Ballista", "3633": "Siege Teleport", "3634": "Tower: Beam of Ruination", "3635": "Port Pad", "3636": "Tower: Storm Bulwark", "3637": "Nexus Siege: Siege Weapon Slot", "3640": "Flash Zone", "3641": "Vanguard Banner", "3642": "Siege Refund", "3643": "Entropy Field", "3645": "Seer Stone (Trinket)", "3647": "Shield Totem", "3648": "Siege Teleport (Inactive)", "3649": "Siege Sight Warder", "3671": "Enchantment: Warrior", "3672": "Enchantment: Cinderhulk", "3673": "Enchantment: Runic Echoes", "3675": "Enchantment: Bloodrazor", "3680": "Frosted Snax", "3681": "Super Spicy Snax", "3682": "Espresso Snax", "3683": "Rainbow Snax Party Pack!", "3690": "Cosmic Shackle", "3691": "Singularity Lantern", "3692": "Dark Matter Scythe", "3693": "Gravity Boots", "3694": "Cloak of Stars", "3695": "Dark Star Sigil", "3706": "Stalker's Blade", "3711": "Tracker's Knife", "3715": "Skirmisher's Sabre", "3742": "Dead Man's Plate", "3748": "Titanic Hydra", "3751": "Bami's Cinder", "3800": "Righteous Glory", "3801": "Crystalline Bracer", "3802": "Lost Chapter", "3812": "Death's Dance", "3814": "Edge of Night", "3901": "Fire at Will", "3902": "Death's Daughter", "3903": "Raise Morale"}, "AccountID": "", "SummonerID": ""}